                  epoch,         train/box_loss,         train/cls_loss,         train/dfl_loss,   metrics/precision(B),      metrics/recall(B),       metrics/mAP50(B),    metrics/mAP50-95(B),           val/box_loss,           val/cls_loss,           val/dfl_loss,                 lr/pg0,                 lr/pg1,                 lr/pg2
                      1,                 4.1992,                 4.3195,                 3.5418,                 0.0014,                0.07143,                0.00172,                0.00017,                 4.5551,                 4.3845,                 3.5399,               0.096408,               0.000408,               0.000408
                      2,                 3.5767,                  3.945,                 2.7271,                0.00636,                0.45238,                0.01247,                0.00303,                 3.2352,                 3.8805,                 2.6457,               0.091913,             0.00091347,             0.00091347
                      3,                 2.8143,                 3.0601,                 1.9332,                0.02972,                0.09524,                0.01304,                 0.0022,                 3.7959,                 6.4091,                  13.58,               0.087414,              0.0014139,              0.0014139
                      4,                 2.6151,                  2.814,                  1.841,                0.50712,                0.07143,                0.00449,                0.00131,                 3.8066,                 16.277,                 19.527,               0.082909,              0.0019093,              0.0019093
                      5,                 2.4123,                 2.4978,                 1.6369,                0.57182,                0.35714,                0.08587,                0.02931,                  3.242,                  16.34,                 21.086,                 0.0784,              0.0023996,              0.0023996
                      6,                 2.3801,                   2.47,                 1.6436,                 0.0322,                0.04762,                0.01024,                0.00407,                  3.903,                 13.524,                 12.925,               0.073885,              0.0028849,              0.0028849
                      7,                  2.367,                 2.3006,                 1.6048,                0.00339,                0.19048,                0.00294,                 0.0008,                 3.6704,                    inf,                 28.561,               0.069365,              0.0033652,              0.0033652
                      8,                 2.3098,                 2.3949,                   1.62,                0.00034,                0.02381,                0.00021,                  4e-05,                 3.2825,                    inf,                 13.862,                0.06484,              0.0038404,              0.0038404
                      9,                 2.4123,                  2.386,                 1.6294,                0.00579,                0.11905,                0.00271,                0.00098,                 3.8784,                 293.85,                  19.98,               0.060311,              0.0043106,              0.0043106
                     10,                 2.3142,                 2.4499,                 1.6075,                0.00556,                 0.2381,                 0.0068,                0.00159,                 3.7877,                    inf,                 29.223,               0.055776,              0.0047758,              0.0047758
                     11,                 2.3232,                 2.4983,                 1.6478,                 0.0642,                0.36905,                0.09443,                0.02623,                 3.1045,                 152.32,                 10.834,               0.051236,              0.0052359,              0.0052359
                     12,                 2.1768,                 2.3344,                 1.6038,                  0.075,                0.28571,                0.09547,                 0.0221,                 3.0665,                 84.387,                 6.0919,               0.046691,               0.005691,               0.005691
                     13,                 2.2075,                 2.3466,                 1.5422,                0.06522,                0.07143,                  0.066,                0.02133,                 2.9231,                 58.632,                  4.667,               0.042141,               0.006141,               0.006141
                     14,                 2.1115,                 2.2145,                 1.4839,                0.04562,                0.14286,                0.05292,                0.00875,                 3.4397,                 32.688,                 4.2744,               0.037586,               0.006586,               0.006586
                     15,                 2.1199,                 2.0699,                 1.4915,                0.58333,                0.07143,                 0.0467,                0.00944,                 3.1761,                 29.814,                 4.1073,               0.033026,               0.007026,               0.007026
                     16,                 2.0004,                 2.0892,                 1.4023,                0.01448,                0.07143,                0.01048,                 0.0042,                  2.654,                  29.94,                 3.8492,               0.028461,              0.0074609,              0.0074609
                     17,                  1.924,                 1.9722,                 1.4014,                0.01613,                0.13095,                0.01589,                 0.0025,                 3.2961,                 76.024,                 4.5438,               0.023891,              0.0078908,              0.0078908
                     18,                 2.0094,                 2.0153,                 1.4059,                0.00985,                0.27381,                0.00693,                0.00235,                 3.3556,                 211.94,                  5.244,               0.019316,              0.0083157,              0.0083157
                     19,                 1.9937,                 1.9403,                 1.3749,                0.02137,                 0.2619,                0.01794,                0.00508,                 3.2146,                 120.43,                 4.1545,               0.014735,              0.0087355,              0.0087355
                     20,                 2.1287,                 2.0918,                 1.4254,                0.65266,                0.14286,                0.08556,                0.02729,                 3.3029,                 7.2494,                 3.5695,                0.01015,              0.0091502,              0.0091502
                     21,                 2.0212,                 2.0402,                  1.396,                0.58991,                0.14286,                 0.0997,                 0.0319,                 2.9263,                 4.4198,                 2.7073,              0.0091923,              0.0091923,              0.0091923
                     22,                 1.9228,                 1.9213,                 1.3736,                 0.1348,                0.09524,                0.08715,                0.02909,                 2.6744,                  5.155,                 2.6245,              0.0091419,              0.0091419,              0.0091419
                     23,                 1.9131,                 1.9871,                 1.4566,                0.08726,                0.35714,                0.08323,                0.01859,                 2.6623,                 26.575,                 3.9015,              0.0090915,              0.0090915,              0.0090915
                     24,                 1.9165,                 1.9717,                 1.4327,                 0.0589,                0.32143,                 0.0712,                0.02016,                 2.6902,                   11.9,                 2.5251,              0.0090411,              0.0090411,              0.0090411
                     25,                 1.8905,                 1.9086,                 1.3499,                0.08528,                0.17639,                0.06068,                0.01006,                 3.0592,                 8.6267,                 3.5056,              0.0089907,              0.0089907,              0.0089907
                     26,                 1.9006,                 1.9527,                  1.318,                0.15576,                0.34524,                0.16548,                0.05435,                  2.408,                 14.393,                 2.2878,              0.0089403,              0.0089403,              0.0089403
                     27,                 1.9583,                  1.995,                 1.4004,                0.08586,                0.21429,                0.07746,                0.03746,                 2.9396,                 8.5771,                 2.6418,                0.00889,                0.00889,                0.00889
                     28,                 2.0147,                 2.0105,                 1.3826,                0.06838,                0.19048,                0.04879,                0.01397,                 2.8326,                 4.4781,                 2.0959,              0.0088396,              0.0088396,              0.0088396
                     29,                 1.9289,                 1.9421,                 1.3914,                0.06276,                0.45238,                0.06597,                0.02354,                 2.6695,                 8.8168,                 2.7932,              0.0087892,              0.0087892,              0.0087892
                     30,                 1.8126,                 1.7807,                  1.374,                0.08046,                0.57143,                0.08575,                0.02718,                 2.8401,                 8.6272,                 3.7014,              0.0087388,              0.0087388,              0.0087388
                     31,                 1.8465,                 1.7508,                 1.2953,                0.25371,                0.33333,                0.15004,                0.04295,                 2.5694,                 23.576,                  2.603,              0.0086884,              0.0086884,              0.0086884
                     32,                 1.9157,                 1.8841,                 1.3309,                 0.0576,                0.20238,                0.04164,                0.01129,                  2.589,                 12.523,                 2.0082,               0.008638,               0.008638,               0.008638
                     33,                 1.7755,                 1.7529,                 1.3067,                0.56122,                0.11905,                0.04419,                0.01815,                 2.3013,                 9.7108,                 1.8073,              0.0085876,              0.0085876,              0.0085876
                     34,                 1.7909,                 1.7419,                 1.2676,                0.58832,                0.09524,                0.05943,                0.02423,                 2.3523,                 9.6561,                 1.7401,              0.0085372,              0.0085372,              0.0085372
                     35,                 1.7142,                 1.6761,                 1.2558,                 0.6456,                0.07143,                0.05029,                0.02372,                 2.5399,                 13.652,                 1.8711,              0.0084869,              0.0084869,              0.0084869
                     36,                 1.6991,                 1.6879,                 1.2804,                0.62704,                0.07312,                0.08628,                0.03358,                 2.3768,                 9.8921,                 1.8996,              0.0084365,              0.0084365,              0.0084365
                     37,                 1.6252,                 1.6441,                 1.2483,                0.62877,                 0.2619,                0.14251,                0.06424,                 2.2752,                 4.9508,                 1.9266,              0.0083861,              0.0083861,              0.0083861
                     38,                 1.6377,                 1.6959,                 1.2674,                0.65874,                0.19048,                0.14484,                0.06349,                 2.3557,                 3.5642,                 1.9286,              0.0083357,              0.0083357,              0.0083357
                     39,                 1.6436,                 1.6511,                 1.2549,                0.70881,                0.11905,                0.13347,                0.04932,                 2.4792,                 4.0797,                 1.9537,              0.0082853,              0.0082853,              0.0082853
                     40,                 1.7386,                 1.6746,                 1.2671,                0.56019,                0.09524,                0.05408,                0.02701,                 2.6326,                 7.3923,                 2.1418,              0.0082349,              0.0082349,              0.0082349
                     41,                 1.6463,                 1.6667,                 1.2979,                0.28162,                0.10714,                0.07721,                0.02862,                 3.2188,                 9.5567,                 2.3361,              0.0081845,              0.0081845,              0.0081845
                     42,                 1.6127,                  1.547,                 1.2533,                 0.4236,                0.10714,                0.07221,                0.02692,                 3.0686,                     10,                 2.5272,              0.0081342,              0.0081342,              0.0081342
                     43,                 1.6098,                  1.626,                 1.2047,                0.23079,                0.08333,                0.08784,                0.04318,                 2.8604,                 7.2456,                 2.4939,              0.0080838,              0.0080838,              0.0080838
                     44,                 1.5232,                 1.5561,                  1.174,                0.18126,                0.57143,                0.27604,                0.10661,                 1.9752,                 4.0674,                 1.7344,              0.0080334,              0.0080334,              0.0080334
                     45,                 1.6134,                 1.5726,                 1.1611,                0.37356,                 0.5369,                0.38324,                0.17923,                 1.6098,                 3.0642,                   1.44,               0.007983,               0.007983,               0.007983
                     46,                   1.53,                 1.4679,                 1.1497,                0.37129,                0.47876,                0.34469,                0.16694,                 1.6329,                 3.3401,                 1.5071,              0.0079326,              0.0079326,              0.0079326
                     47,                  1.501,                 1.4123,                 1.1417,                0.51683,                0.45238,                0.45687,                0.24635,                 1.5986,                 3.3472,                 1.5012,              0.0078822,              0.0078822,              0.0078822
                     48,                 1.6214,                 1.5198,                  1.141,                0.52632,                 0.4989,                 0.4513,                0.21214,                 1.7488,                 2.7701,                 1.4911,              0.0078318,              0.0078318,              0.0078318
                     49,                 1.5812,                 1.5478,                 1.1668,                0.38249,                0.65023,                0.40432,                0.19657,                 1.6441,                 2.6182,                 1.4209,              0.0077814,              0.0077814,              0.0077814
                     50,                  1.578,                 1.5368,                 1.1378,                0.24101,                0.58825,                0.37098,                0.18838,                 1.6057,                 2.6266,                 1.4685,              0.0077311,              0.0077311,              0.0077311
                     51,                 1.4818,                 1.4262,                 1.1472,                0.35755,                0.62025,                0.51379,                0.25621,                 1.6285,                 2.2216,                 1.5576,              0.0076807,              0.0076807,              0.0076807
                     52,                  1.479,                 1.4941,                  1.121,                 0.4979,                0.63064,                0.59395,                0.24888,                 1.7064,                  2.076,                 1.6459,              0.0076303,              0.0076303,              0.0076303
                     53,                 1.3623,                 1.3967,                 1.1184,                0.73206,                0.46429,                0.60033,                0.26717,                  1.772,                 1.7463,                 1.7374,              0.0075799,              0.0075799,              0.0075799
                     54,                 1.4176,                 1.3829,                 1.0977,                0.31874,                0.39286,                0.30015,                0.08995,                 2.5526,                 2.3284,                 2.9744,              0.0075295,              0.0075295,              0.0075295
                     55,                 1.3752,                 1.3481,                 1.0988,                0.46606,                0.17857,                 0.1608,                0.04746,                 3.2475,                 2.5236,                 4.2903,              0.0074791,              0.0074791,              0.0074791
                     56,                 1.4257,                 1.3843,                 1.1145,                  0.655,                0.12869,                0.10918,                0.01695,                 3.8165,                 3.7161,                   4.06,              0.0074287,              0.0074287,              0.0074287
                     57,                 1.4484,                 1.4809,                 1.1115,                0.18753,                0.26569,                0.16035,                0.02937,                 3.4735,                 3.0379,                 3.8011,              0.0073784,              0.0073784,              0.0073784
                     58,                 1.3851,                 1.3935,                 1.0744,                0.41754,                0.36886,                0.36097,                0.10922,                 2.6173,                  2.939,                 2.9902,               0.007328,               0.007328,               0.007328
                     59,                 1.3603,                 1.3913,                 1.0713,                0.47232,                0.63095,                0.53077,                0.17481,                 2.0373,                 2.3452,                 1.9325,              0.0072776,              0.0072776,              0.0072776
                     60,                 1.3361,                 1.3688,                 1.0681,                0.82975,                0.58057,                0.74237,                0.41415,                 1.5988,                 1.6848,                 1.2932,              0.0072272,              0.0072272,              0.0072272
                     61,                 1.4551,                 1.4373,                 1.1307,                0.83326,                0.57217,                0.72399,                0.43614,                 1.6118,                 1.6895,                 1.2487,              0.0071768,              0.0071768,              0.0071768
                     62,                 1.3228,                   1.29,                 1.0951,                0.83977,                0.51186,                0.65916,                0.40901,                 1.6775,                 1.6455,                 1.3205,              0.0071264,              0.0071264,              0.0071264
                     63,                 1.3596,                 1.3406,                 1.0982,                0.47581,                0.64286,                0.57616,                0.34298,                 1.5706,                 1.8863,                 1.2599,               0.007076,               0.007076,               0.007076
                     64,                 1.4634,                 1.4524,                 1.1463,                0.73338,                0.45902,                 0.5752,                0.33394,                 1.6517,                 1.9185,                 1.3686,              0.0070257,              0.0070257,              0.0070257
                     65,                 1.4183,                 1.3865,                 1.1266,                0.65774,                0.58333,                0.60094,                 0.3207,                 1.6597,                 1.7729,                 1.3435,              0.0069753,              0.0069753,              0.0069753
                     66,                 1.4297,                 1.3745,                 1.0954,                 0.5741,                0.55005,                0.54204,                0.31109,                 1.6489,                 1.8287,                 1.3128,              0.0069249,              0.0069249,              0.0069249
                     67,                 1.3573,                 1.3191,                 1.0987,                0.29032,                0.16667,                0.22911,                0.10259,                 2.4514,                 3.0204,                 2.4296,              0.0068745,              0.0068745,              0.0068745
                     68,                 1.3396,                 1.3331,                 1.0606,                0.26243,                0.21073,                0.08773,                0.01372,                 3.6742,                 3.7071,                 2.8864,              0.0068241,              0.0068241,              0.0068241
                     69,                 1.4649,                 1.3893,                 1.0983,                  0.596,                0.02381,                0.01885,                0.00294,                 3.7925,                 3.9752,                  3.257,              0.0067737,              0.0067737,              0.0067737
                     70,                 1.3673,                 1.3268,                 1.0614,                0.04903,                0.15476,                0.03307,                0.00802,                 3.6858,                 3.8555,                  3.345,              0.0067233,              0.0067233,              0.0067233
                     71,                 1.3316,                 1.2977,                 1.0413,                0.36018,                0.38095,                0.22611,                0.06559,                 2.7846,                 2.9953,                 2.6073,              0.0066729,              0.0066729,              0.0066729
                     72,                 1.4082,                 1.3667,                 1.1115,                0.64186,                0.38298,                0.44781,                0.24776,                 1.9138,                 2.1961,                 1.4398,              0.0066226,              0.0066226,              0.0066226
                     73,                 1.3481,                 1.3556,                 1.0845,                 0.7148,                0.52133,                0.56889,                0.34791,                 1.8266,                 2.0254,                 1.3588,              0.0065722,              0.0065722,              0.0065722
                     74,                 1.3878,                 1.3508,                 1.0672,                0.63819,                0.39286,                0.51305,                0.29849,                 1.8597,                 2.3554,                 1.4847,              0.0065218,              0.0065218,              0.0065218
                     75,                 1.3948,                 1.3618,                 1.0678,                0.45325,                0.40476,                0.36477,                0.17558,                  2.486,                 2.8878,                 2.2212,              0.0064714,              0.0064714,              0.0064714
                     76,                 1.4247,                 1.3834,                 1.1593,                0.62423,                0.35714,                0.33217,                0.10367,                 2.7586,                 2.6675,                 3.6685,               0.006421,               0.006421,               0.006421
                     77,                 1.4696,                 1.4364,                 1.0762,                0.49889,                    0.5,                0.45266,                0.20211,                 2.3446,                 2.3373,                 2.5145,              0.0063706,              0.0063706,              0.0063706
                     78,                 1.3893,                 1.3416,                 1.0875,                0.49187,                0.35714,                 0.4213,                0.23646,                 1.9539,                 2.0771,                 1.4993,              0.0063202,              0.0063202,              0.0063202
                     79,                 1.3503,                 1.2714,                 1.0665,                0.08014,                0.29762,                0.08051,                0.02976,                 2.6563,                 3.2169,                 1.8102,              0.0062699,              0.0062699,              0.0062699
                     80,                 1.3434,                 1.2814,                  1.059,                0.67858,                0.16667,                0.12028,                0.05435,                 2.4554,                  3.102,                 1.8708,              0.0062195,              0.0062195,              0.0062195
                     81,                 1.2612,                 1.2268,                 1.0516,                0.40984,                0.52381,                0.46099,                0.24433,                 1.4439,                 2.1031,                 1.2737,              0.0061691,              0.0061691,              0.0061691
                     82,                 1.2407,                 1.2528,                 1.0337,                0.74659,                0.67857,                0.69362,                0.42985,                   1.38,                 1.4745,                 1.1807,              0.0061187,              0.0061187,              0.0061187
                     83,                 1.2101,                 1.2002,                 1.0245,                0.76601,                0.64286,                0.71788,                0.46135,                 1.2734,                 1.3856,                 1.1702,              0.0060683,              0.0060683,              0.0060683
                     84,                 1.3094,                 1.2342,                 1.0398,                0.72758,                0.52381,                0.64652,                0.44729,                 1.3526,                 1.4557,                 1.2373,              0.0060179,              0.0060179,              0.0060179
                     85,                  1.309,                 1.3158,                 1.0385,                 0.5358,                 0.6399,                0.62839,                0.38631,                 1.4578,                  1.611,                 1.2332,              0.0059675,              0.0059675,              0.0059675
                     86,                 1.3635,                 1.3288,                 1.0585,                0.70981,                0.64286,                 0.6407,                0.42433,                 1.3513,                 1.4693,                 1.1421,              0.0059172,              0.0059172,              0.0059172
                     87,                 1.3044,                 1.2403,                 1.0295,                0.90047,                 0.4881,                0.69485,                0.45173,                 1.3681,                 1.4256,                 1.1616,              0.0058668,              0.0058668,              0.0058668
                     88,                 1.2619,                 1.2257,                 1.0307,                0.74506,                0.63494,                0.73492,                0.44305,                 1.3442,                 1.3212,                 1.1461,              0.0058164,              0.0058164,              0.0058164
                     89,                 1.2361,                 1.2157,                0.99597,                0.63985,                0.70238,                0.68991,                 0.4127,                  1.414,                 1.4667,                 1.1528,               0.005766,               0.005766,               0.005766
                     90,                 1.2726,                 1.2287,                 1.0194,                0.57905,                0.57982,                0.56565,                0.32306,                 1.5317,                 1.7642,                 1.1848,              0.0057156,              0.0057156,              0.0057156
                     91,                 1.2146,                 1.1949,                 1.0208,                0.58902,                0.36905,                0.47917,                0.26387,                 1.6897,                 2.0981,                 1.2828,              0.0056652,              0.0056652,              0.0056652
                     92,                 1.2432,                 1.1702,                 1.0131,                0.71079,                0.40037,                0.46705,                0.24652,                 1.7075,                 1.9821,                 1.2187,              0.0056148,              0.0056148,              0.0056148
                     93,                 1.1371,                 1.1261,                0.99876,                0.81956,                0.45959,                0.57021,                0.33318,                 1.5231,                 1.7025,                 1.1619,              0.0055644,              0.0055644,              0.0055644
                     94,                 1.2157,                 1.1383,                0.99038,                0.62275,                 0.6703,                 0.6538,                0.41579,                 1.3557,                 1.5096,                 1.1106,              0.0055141,              0.0055141,              0.0055141
                     95,                 1.1894,                 1.1259,                0.98236,                0.64275,                0.74516,                0.71439,                0.49573,                 1.2955,                 1.2928,                 1.0402,              0.0054637,              0.0054637,              0.0054637
                     96,                 1.1523,                 1.1149,                0.99029,                0.77031,                   0.75,                0.77578,                0.53348,                 1.1983,                 1.2282,                0.99506,              0.0054133,              0.0054133,              0.0054133
                     97,                 1.1108,                  1.076,                0.98848,                0.70971,                0.70473,                0.73709,                0.52594,                 1.2138,                  1.349,                  1.013,              0.0053629,              0.0053629,              0.0053629
                     98,                 1.1411,                 1.0801,                 1.0227,                0.65206,                 0.7228,                0.71572,                0.51695,                 1.1852,                 1.3145,                 1.0231,              0.0053125,              0.0053125,              0.0053125
                     99,                 1.1618,                   1.11,                0.97874,                0.65852,                0.71243,                0.73047,                0.52685,                 1.1927,                 1.3332,                 1.0689,              0.0052621,              0.0052621,              0.0052621
                    100,                 1.0729,                 1.0315,                0.98639,                0.76061,                0.70238,                0.73656,                0.48042,                 1.3717,                 1.3473,                 1.2191,              0.0052117,              0.0052117,              0.0052117
                    101,                 1.0695,                 1.0056,                0.96633,                0.66875,                0.70238,                 0.7426,                0.51821,                 1.3479,                 1.4303,                 1.1944,              0.0051614,              0.0051614,              0.0051614
                    102,                 1.0729,                 1.0288,                 1.0094,                0.70391,                0.64286,                0.70537,                0.51398,                 1.3691,                 1.4291,                 1.2161,               0.005111,               0.005111,               0.005111
                    103,                 1.0817,                 0.9608,                0.97109,                0.71993,                0.60714,                0.68954,                0.50649,                 1.3014,                 1.4582,                 1.1418,              0.0050606,              0.0050606,              0.0050606
                    104,                   1.17,                 1.1167,                 1.0301,                0.79711,                0.57143,                0.65793,                0.37617,                  1.574,                 1.7053,                 1.1916,              0.0050102,              0.0050102,              0.0050102
                    105,                 1.1891,                 1.0857,                0.99147,                0.82035,                0.57143,                  0.665,                0.36905,                 1.5758,                 1.6575,                 1.1879,              0.0049598,              0.0049598,              0.0049598
                    106,                 1.1919,                 1.0968,                0.97989,                0.93589,                0.52381,                0.72427,                0.41218,                 1.5117,                 1.4413,                 1.2329,              0.0049094,              0.0049094,              0.0049094
                    107,                 1.2203,                 1.1252,                 1.0317,                0.58294,                   0.75,                 0.6724,                0.34498,                 1.6707,                 1.6797,                 1.3464,               0.004859,               0.004859,               0.004859
                    108,                 1.2002,                 1.1231,                0.99422,                0.55098,                 0.3712,                0.39831,                0.19085,                 1.8802,                 2.6585,                 1.5497,              0.0048086,              0.0048086,              0.0048086
                    109,                 1.1289,                 1.1218,                0.99581,                0.55372,                0.67395,                0.63802,                0.34618,                    1.5,                 1.8003,                 1.2624,              0.0047583,              0.0047583,              0.0047583
                    110,                 1.1855,                 1.0976,                 1.0289,                0.74701,                0.70238,                0.75771,                0.47283,                  1.345,                  1.254,                 1.1833,              0.0047079,              0.0047079,              0.0047079
                    111,                 1.1281,                 1.0848,                 0.9994,                0.62021,                0.67857,                0.72531,                0.38907,                 1.5353,                 1.4725,                 1.3357,              0.0046575,              0.0046575,              0.0046575
                    112,                 1.1292,                 1.0995,                0.97796,                0.44895,                0.57143,                 0.5648,                0.17418,                 2.4933,                 2.1241,                 2.5623,              0.0046071,              0.0046071,              0.0046071
                    113,                 1.1298,                 1.1021,                0.97055,                0.48398,                0.56809,                0.50616,                0.25665,                  1.968,                   1.95,                 1.8232,              0.0045567,              0.0045567,              0.0045567
                    114,                  1.043,                0.98694,                0.97141,                 0.5317,                0.34524,                0.45847,                0.28129,                 1.9747,                 1.9518,                 1.8415,              0.0045063,              0.0045063,              0.0045063
                    115,                 1.1194,                 1.0069,                0.96064,                0.40601,                0.65476,                0.51107,                0.34261,                 1.6992,                 1.7469,                 1.6059,              0.0044559,              0.0044559,              0.0044559
                    116,                 1.0778,                 1.0127,                0.95281,                0.62681,                0.53103,                 0.6078,                0.43491,                 1.4884,                 1.8276,                 1.3714,              0.0044056,              0.0044056,              0.0044056
                    117,                 1.0392,                 0.9713,                0.95462,                0.72374,                0.66602,                0.73316,                0.48886,                 1.2822,                 1.4433,                 1.1846,              0.0043552,              0.0043552,              0.0043552
                    118,                 1.0971,                0.97839,                0.95492,                0.68175,                0.79762,                0.77445,                0.51018,                 1.2555,                 1.2857,                 1.1001,              0.0043048,              0.0043048,              0.0043048
                    119,                 1.0549,                0.99092,                0.97318,                0.76903,                0.81685,                0.79988,                0.50679,                  1.239,                 1.1181,                 1.0867,              0.0042544,              0.0042544,              0.0042544
                    120,                 1.0983,                 1.0277,                0.97666,                0.74052,                 0.7619,                0.74524,                0.50015,                 1.1902,                 1.1727,                 1.0386,               0.004204,               0.004204,               0.004204
                    121,                 1.0696,                 1.0106,                0.96011,                0.70978,                   0.75,                0.71823,                0.45225,                 1.1353,                  1.146,                0.98702,              0.0041536,              0.0041536,              0.0041536
                    122,                 1.1204,                 1.1719,                0.94556,                0.70382,                0.74301,                 0.7056,                0.44816,                 1.1998,                  1.233,                 1.0289,              0.0041032,              0.0041032,              0.0041032
                    123,                 1.0086,                0.95336,                0.95879,                0.66375,                 0.7619,                0.68802,                0.41523,                 1.2361,                 1.3553,                 1.0396,              0.0040529,              0.0040529,              0.0040529
                    124,                 1.0764,                 1.0395,                 0.9906,                0.58225,                0.65496,                0.67858,                 0.4498,                 1.2245,                 1.4107,                0.99065,              0.0040025,              0.0040025,              0.0040025
                    125,                 1.0247,                0.95182,                0.94481,                0.56683,                0.68928,                 0.6364,                0.43945,                 1.2554,                 1.4281,                0.99505,              0.0039521,              0.0039521,              0.0039521
                    126,                 1.1478,                 1.0206,                0.95762,                0.57307,                 0.7079,                0.66578,                0.44647,                 1.2412,                 1.4243,                 1.0037,              0.0039017,              0.0039017,              0.0039017
                    127,                 1.0305,                0.96313,                0.94096,                0.77064,                0.54761,                0.62636,                0.43622,                 1.2772,                 1.3224,                 1.0222,              0.0038513,              0.0038513,              0.0038513
                    128,                 1.0574,                0.95944,                0.94091,                0.64187,                0.72619,                0.65679,                 0.4196,                 1.3592,                 1.1924,                 1.0566,              0.0038009,              0.0038009,              0.0038009
                    129,                 1.0183,                0.95964,                0.95119,                0.77484,                0.69048,                0.72335,                0.48138,                 1.3149,                 1.1598,                 1.0394,              0.0037505,              0.0037505,              0.0037505
                    130,                 1.0839,                 1.0098,                 0.9411,                0.75046,                0.73583,                0.74365,                0.45738,                 1.3319,                 1.2048,                  1.033,              0.0037001,              0.0037001,              0.0037001
                    131,                0.97273,                0.95869,                0.94503,                0.74054,                0.79762,                0.74321,                0.45106,                 1.2774,                  1.247,                 1.0092,              0.0036498,              0.0036498,              0.0036498
                    132,                 1.0846,                 1.0169,                0.95981,                0.66444,                0.70179,                0.73891,                 0.4726,                 1.2368,                  1.356,                 1.0673,              0.0035994,              0.0035994,              0.0035994
                    133,                  1.016,                 0.9098,                0.92994,                0.83612,                0.69347,                0.79529,                0.50337,                  1.152,                 1.2284,                 1.0275,               0.003549,               0.003549,               0.003549
                    134,                 0.9699,                 0.8713,                0.92453,                0.78996,                 0.7006,                0.76704,                0.47866,                 1.1954,                 1.1805,                 1.0248,              0.0034986,              0.0034986,              0.0034986
                    135,                0.99709,                 0.9108,                0.95835,                0.78087,                 0.7619,                0.79754,                0.42374,                 1.2814,                 1.3303,                 1.0614,              0.0034482,              0.0034482,              0.0034482
                    136,                0.98767,                0.89266,                0.93138,                0.86144,                0.78568,                0.78348,                0.48698,                 1.2567,                 1.2434,                 1.1011,              0.0033978,              0.0033978,              0.0033978
                    137,                 1.0358,                 0.9699,                0.95466,                0.69715,                0.69048,                0.74076,                0.46295,                 1.3176,                 1.3211,                 1.0736,              0.0033474,              0.0033474,              0.0033474
                    138,                0.99412,                0.89249,                0.92962,                0.72196,                0.58201,                 0.6765,                0.42525,                 1.4083,                  1.612,                 1.1219,              0.0032971,              0.0032971,              0.0032971
                    139,                 1.0126,                0.91519,                0.92709,                0.86581,                 0.5548,                0.68601,                0.45556,                 1.2999,                   1.64,                 1.1037,              0.0032467,              0.0032467,              0.0032467
                    140,                  1.016,                 0.9065,                0.94147,                0.66899,                0.60714,                 0.6712,                0.46675,                 1.2313,                 1.5988,                 1.0872,              0.0031963,              0.0031963,              0.0031963
                    141,                0.97582,                0.91805,                0.92843,                0.58336,                0.66667,                0.68682,                0.46277,                 1.2876,                 1.5817,                  1.096,              0.0031459,              0.0031459,              0.0031459
                    142,                 1.0054,                0.93378,                0.93977,                0.64799,                0.71429,                0.72371,                0.51727,                 1.1868,                 1.3794,                 1.0398,              0.0030955,              0.0030955,              0.0030955
                    143,                 0.9795,                 0.9121,                0.93075,                0.67869,                 0.7118,                0.77497,                0.54115,                 1.1453,                 1.3032,                 1.0138,              0.0030451,              0.0030451,              0.0030451
                    144,                0.99771,                0.94779,                 0.9437,                0.70326,                0.80952,                0.81661,                0.51307,                 1.1839,                 1.2358,                0.99574,              0.0029947,              0.0029947,              0.0029947
                    145,                 1.0105,                 1.0359,                0.94502,                 0.7253,                 0.7873,                0.79304,                 0.4926,                 1.1986,                 1.2863,                0.99112,              0.0029443,              0.0029443,              0.0029443
                    146,                 0.9554,                0.85971,                0.92002,                0.70609,                0.70238,                0.75232,                0.48723,                 1.1962,                  1.342,                 1.0155,               0.002894,               0.002894,               0.002894
                    147,                0.96619,                 0.8834,                0.96707,                0.68227,                0.77381,                0.75701,                0.47917,                 1.2259,                 1.4449,                  1.044,              0.0028436,              0.0028436,              0.0028436
                    148,                 1.0318,                0.92565,                0.93693,                0.71426,                0.71759,                0.80329,                 0.5126,                  1.279,                 1.4708,                 1.0327,              0.0027932,              0.0027932,              0.0027932
                    149,                0.98063,                0.90209,                 0.9356,                0.77019,                0.75148,                0.82804,                 0.5687,                  1.226,                 1.3707,                  1.007,              0.0027428,              0.0027428,              0.0027428
                    150,                0.95372,                0.88068,                0.92033,                0.94638,                0.70238,                 0.8268,                0.57417,                 1.1604,                 1.2989,                 1.0035,              0.0026924,              0.0026924,              0.0026924
                    151,                0.99076,                0.87937,                0.93324,                0.93455,                0.70282,                0.82028,                0.54593,                 1.1579,                 1.1942,                 1.0022,               0.002642,               0.002642,               0.002642
                    152,                0.92542,                 0.8646,                0.93616,                0.67789,                0.69048,                0.72826,                0.48559,                 1.1934,                 1.2257,                 1.0801,              0.0025916,              0.0025916,              0.0025916
                    153,                0.94266,                0.89092,                  0.933,                0.78777,                0.66439,                0.75489,                0.48944,                 1.1514,                 1.2357,                 1.0767,              0.0025413,              0.0025413,              0.0025413
                    154,                0.97203,                0.87139,                0.92051,                0.77084,                0.66667,                0.75455,                0.49623,                 1.2249,                 1.2253,                 1.0952,              0.0024909,              0.0024909,              0.0024909
                    155,                0.97972,                0.86077,                0.93242,                0.76943,                0.66667,                0.74219,                0.48658,                 1.2301,                 1.2426,                 1.1043,              0.0024405,              0.0024405,              0.0024405
                    156,                0.99896,                0.87062,                0.93174,                0.77815,                0.65219,                0.76337,                0.50981,                 1.1859,                 1.3152,                 1.0508,              0.0023901,              0.0023901,              0.0023901
                    157,                0.99936,                0.89098,                0.89852,                0.93691,                0.63084,                0.76811,                0.52204,                 1.2089,                 1.3842,                  1.022,              0.0023397,              0.0023397,              0.0023397
                    158,                0.94178,                0.84939,                0.91208,                 0.8022,                0.70238,                0.78772,                0.54426,                 1.1463,                 1.4673,                0.99889,              0.0022893,              0.0022893,              0.0022893
                    159,                0.87676,                0.80542,                 0.9067,                0.74567,                0.65803,                0.74527,                0.53326,                 1.0963,                 1.5478,                0.98969,              0.0022389,              0.0022389,              0.0022389
                    160,                0.90151,                0.82694,                0.89891,                0.85505,                 0.5004,                0.66015,                0.50766,                 1.1029,                 1.5606,                0.98536,              0.0021886,              0.0021886,              0.0021886
                    161,                0.91958,                 0.8264,                0.93726,                0.85207,                0.50895,                0.66174,                0.50605,                 1.1114,                 1.5924,                0.99834,              0.0021382,              0.0021382,              0.0021382
                    162,                0.93872,                0.82383,                0.91977,                0.87988,                    0.5,                0.66735,                 0.5029,                 1.1299,                 1.6512,                  1.003,              0.0020878,              0.0020878,              0.0020878
                    163,                0.87708,                0.79041,                0.90812,                0.85514,                0.51285,                0.66845,                0.51791,                  1.132,                 1.5686,                  1.002,              0.0020374,              0.0020374,              0.0020374
                    164,                 0.9025,                  0.799,                0.90888,                0.68237,                0.66667,                0.71382,                0.52227,                 1.1406,                 1.4254,                 1.0217,               0.001987,               0.001987,               0.001987
                    165,                0.91282,                0.78886,                0.89029,                 0.7018,                0.69048,                0.72713,                0.50426,                 1.1861,                   1.38,                 1.0311,              0.0019366,              0.0019366,              0.0019366
                    166,                0.96673,                0.86329,                0.91731,                0.68668,                0.72619,                0.77126,                0.51837,                 1.2157,                 1.3953,                 1.0397,              0.0018862,              0.0018862,              0.0018862
                    167,                0.92263,                0.86484,                0.92626,                0.68737,                0.80952,                0.78049,                 0.5286,                 1.1984,                 1.3854,                 1.0449,              0.0018358,              0.0018358,              0.0018358
                    168,                0.89664,                0.82212,                0.90621,                0.71122,                0.67857,                0.76777,                0.51798,                 1.2647,                 1.3259,                 1.0776,              0.0017855,              0.0017855,              0.0017855
                    169,                0.90336,                0.84145,                0.90178,                0.78484,                   0.75,                 0.8181,                0.52558,                 1.2366,                 1.2716,                 1.0736,              0.0017351,              0.0017351,              0.0017351
                    170,                 0.8977,                0.83168,                0.92567,                0.77573,                0.71429,                0.78306,                0.53474,                 1.2388,                  1.209,                 1.0896,              0.0016847,              0.0016847,              0.0016847
                    171,                0.87644,                0.77918,                0.91182,                0.81468,                0.73509,                0.81729,                0.53251,                  1.246,                 1.2207,                 1.1133,              0.0016343,              0.0016343,              0.0016343
                    172,                0.88967,                0.80047,                0.90276,                  0.806,                0.70761,                0.80422,                0.54973,                 1.1967,                 1.1954,                 1.1389,              0.0015839,              0.0015839,              0.0015839
                    173,                0.84691,                0.75567,                0.89962,                0.73094,                 0.7653,                0.81551,                0.53445,                 1.1791,                 1.1917,                   1.12,              0.0015335,              0.0015335,              0.0015335
                    174,                0.79135,                0.70406,                0.88464,                0.68509,                 0.7876,                0.79915,                0.52409,                 1.1638,                 1.2091,                 1.1083,              0.0014831,              0.0014831,              0.0014831
                    175,                0.84395,                0.80943,                0.90735,                0.71549,                0.70238,                0.79534,                0.54107,                 1.1295,                 1.2046,                 1.0979,              0.0014328,              0.0014328,              0.0014328
                    176,                0.83991,                0.76887,                0.88754,                0.79841,                0.66442,                0.76219,                0.54407,                 1.1547,                 1.1722,                 1.1039,              0.0013824,              0.0013824,              0.0013824
                    177,                0.84394,                0.75713,                0.91162,                0.68587,                0.75343,                0.78469,                0.52583,                 1.1563,                 1.1324,                 1.0805,               0.001332,               0.001332,               0.001332
                    178,                0.81515,                0.76387,                0.88495,                0.88289,                0.68911,                0.78126,                0.51893,                 1.1577,                 1.1042,                 1.0284,              0.0012816,              0.0012816,              0.0012816
                    179,                0.84518,                0.75131,                0.91826,                0.66946,                0.79762,                0.79792,                0.52744,                  1.134,                 1.0956,                0.98387,              0.0012312,              0.0012312,              0.0012312
                    180,                0.88739,                0.82579,                0.90032,                0.93473,                0.64913,                0.79005,                0.51908,                 1.1735,                 1.1619,                 0.9565,              0.0011808,              0.0011808,              0.0011808
                    181,                0.82403,                0.73414,                  0.884,                0.91985,                0.65822,                0.78795,                0.52538,                 1.1779,                 1.1567,                0.95052,              0.0011304,              0.0011304,              0.0011304
                    182,                0.86423,                0.77418,                0.90226,                0.93221,                0.65918,                0.78494,                0.52187,                 1.1443,                 1.1279,                0.94751,                0.00108,                0.00108,                0.00108
                    183,                 0.8441,                0.76144,                0.89744,                0.93021,                0.66562,                0.78507,                0.54013,                 1.0917,                  1.117,                0.94109,              0.0010297,              0.0010297,              0.0010297
                    184,                0.84408,                0.74141,                0.87984,                0.93862,                0.66667,                0.79054,                0.56268,                 1.1033,                 1.1593,                0.95319,             0.00097928,             0.00097928,             0.00097928
                    185,                0.87585,                0.76573,                0.89162,                 0.9325,                0.63753,                 0.7914,                0.56828,                 1.1281,                 1.1975,                0.97305,             0.00092889,             0.00092889,             0.00092889
                    186,                 0.8744,                0.81342,                0.90408,                0.75468,                0.75728,                0.78483,                 0.5531,                 1.0994,                 1.1595,                0.98382,              0.0008785,              0.0008785,              0.0008785
                    187,                0.80309,                0.73278,                0.87973,                0.77727,                0.73374,                0.78859,                0.55661,                 1.0858,                 1.1385,                0.99402,             0.00082812,             0.00082812,             0.00082812
                    188,                0.83063,                0.74829,                0.88351,                0.94728,                0.64233,                0.79709,                0.56857,                 1.0601,                 1.1662,                0.99457,             0.00077773,             0.00077773,             0.00077773
                    189,                0.88215,                0.80904,                0.91112,                0.92298,                0.67502,                0.80246,                0.56356,                 1.0687,                 1.1691,                0.99317,             0.00072734,             0.00072734,             0.00072734
                    190,                 0.8687,                0.76948,                0.87652,                0.91395,                0.67857,                0.81177,                0.56488,                 1.0924,                 1.1702,                0.99934,             0.00067696,             0.00067696,             0.00067696
                    191,                0.91258,                0.80054,                0.87305,                0.90107,                0.67857,                 0.8037,                0.57149,                 1.0794,                  1.156,                0.99479,             0.00062657,             0.00062657,             0.00062657
                    192,                0.88495,                0.84603,                0.89461,                0.77256,                0.73782,                0.79976,                0.55163,                 1.1229,                 1.3238,                  0.996,             0.00057618,             0.00057618,             0.00057618
                    193,                0.82112,                0.65998,                 0.8321,                0.90963,                0.72541,                 0.8054,                 0.5435,                 1.1619,                 1.3743,                 1.0286,              0.0005258,              0.0005258,              0.0005258
                    194,                0.88336,                0.70597,                0.85668,                0.90417,                0.68377,                0.79135,                0.53629,                 1.1922,                 1.4122,                 1.0683,             0.00047541,             0.00047541,             0.00047541
                    195,                0.85311,                0.66232,                0.85763,                 0.8972,                0.68914,                0.78225,                0.53187,                 1.2251,                 1.4366,                 1.0948,             0.00042502,             0.00042502,             0.00042502
                    196,                0.84202,                0.66807,                0.83066,                0.90623,                0.67857,                0.78893,                0.53981,                 1.1917,                 1.3295,                 1.0873,             0.00037464,             0.00037464,             0.00037464
                    197,                0.84549,                0.68817,                0.86825,                0.88592,                0.67857,                0.80404,                0.55104,                 1.1562,                 1.2538,                 1.0654,             0.00032425,             0.00032425,             0.00032425
                    198,                0.88243,                0.69303,                0.86659,                0.87162,                0.67857,                0.80462,                0.55481,                 1.1369,                 1.1799,                 1.0701,             0.00027387,             0.00027387,             0.00027387
                    199,                0.87685,                0.67307,                0.85691,                0.81235,                0.75001,                0.80581,                0.55624,                 1.1049,                 1.1283,                 1.0482,             0.00022348,             0.00022348,             0.00022348
                    200,                  0.838,                0.66873,                0.88286,                0.85141,                 0.7619,                0.82159,                0.58305,                 1.0587,                 1.0815,                  1.022,             0.00017309,             0.00017309,             0.00017309
